ID,Team,Player1,Chelsea,Diego Costa2,Chelsea,Diego Costa3,Chelsea,Diego Costa4,Chelsea,Diego Costa5,Chelsea,Diego Costa6,Chelsea,Diego Costa7,Chelsea,Diego Costa8,Chelsea,Diego Costa9,Chelsea,Diego Costa10,Chelsea,Diego Costa11,Chelsea,Diego Costa12,Chelsea,Diego Costa13,Chelsea,Diego Costa14,Chelsea,Diego Costa15,Chelsea,Diego Costa16,Chelsea,Diego Costa17,Chelsea,Diego Costa18,Chelsea,Diego Costa19,Chelsea,Diego Costa20,Chelsea,Diego Costa21,Chelsea,Eden Hazard22,Chelsea,Eden Hazard23,Chelsea,Eden Hazard24,Chelsea,Eden Hazard25,Chelsea,Eden Hazard26,Chelsea,Eden Hazard27,Chelsea,Eden Hazard28,Chelsea,Eden Hazard29,Chelsea,Eden Hazard30,Chelsea,Eden Hazard31,Chelsea,Eden Hazard32,Chelsea,Eden Hazard33,Chelsea,Eden Hazard34,Chelsea,Eden Hazard35,Chelsea,Loic Remy36,Chelsea,Loic Remy37,Chelsea,Loic Remy38,Chelsea,Loic Remy39,Chelsea,Loic Remy40,Chelsea,Loic Remy41,Chelsea,Loic Remy42,Chelsea,Oscar43,Chelsea,Oscar44,Chelsea,Oscar45,Chelsea,Oscar46,Chelsea,Oscar47,Chelsea,Oscar48,Chelsea,John Terry49,Chelsea,John Terry50,Chelsea,John Terry51,Chelsea,John Terry52,Chelsea,John Terry53,Chelsea,Branislav Ivanovic54,Chelsea,Branislav Ivanovic55,Chelsea,Branislav Ivanovic56,Chelsea,Branislav Ivanovic57,Chelsea,Didier Drogba58,Chelsea,Didier Drogba59,Chelsea,Didier Drogba60,Chelsea,Didier Drogba61,Chelsea,Andre Schurrle62,Chelsea,Andre Schurrle63,Chelsea,Andre Schurrle64,Chelsea,Cesc Fabregas65,Chelsea,Cesc Fabregas66,Chelsea,Cesc Fabregas67,Chelsea,Ramires68,Chelsea,Ramires69,Chelsea,Willian70,Chelsea,Willian71,Chelsea,Gary Cahill72,Chelsea,Nemanja Matic73,Chelsea,Other74,Manchester City,Sergio Aguero75,Manchester City,Sergio Aguero76,Manchester City,Sergio Aguero77,Manchester City,Sergio Aguero78,Manchester City,Sergio Aguero79,Manchester City,Sergio Aguero80,Manchester City,Sergio Aguero81,Manchester City,Sergio Aguero82,Manchester City,Sergio Aguero83,Manchester City,Sergio Aguero84,Manchester City,Sergio Aguero85,Manchester City,Sergio Aguero86,Manchester City,Sergio Aguero87,Manchester City,Sergio Aguero88,Manchester City,Sergio Aguero89,Manchester City,Sergio Aguero90,Manchester City,Sergio Aguero91,Manchester City,Sergio Aguero92,Manchester City,Sergio Aguero93,Manchester City,Sergio Aguero94,Manchester City,Sergio Aguero95,Manchester City,Sergio Aguero96,Manchester City,Sergio Aguero97,Manchester City,Sergio Aguero98,Manchester City,Sergio Aguero99,Manchester City,Sergio Aguero100,Manchester City,David Silva101,Manchester City,David Silva102,Manchester City,David Silva103,Manchester City,David Silva104,Manchester City,David Silva105,Manchester City,David Silva106,Manchester City,David Silva107,Manchester City,David Silva108,Manchester City,David Silva109,Manchester City,David Silva110,Manchester City,David Silva111,Manchester City,David Silva112,Manchester City,Yaya Toure113,Manchester City,Yaya Toure114,Manchester City,Yaya Toure115,Manchester City,Yaya Toure116,Manchester City,Yaya Toure117,Manchester City,Yaya Toure118,Manchester City,Yaya Toure119,Manchester City,Yaya Toure120,Manchester City,Yaya Toure121,Manchester City,Yaya Toure122,Manchester City,Frank Lampard123,Manchester City,Frank Lampard124,Manchester City,Frank Lampard125,Manchester City,Frank Lampard126,Manchester City,Frank Lampard127,Manchester City,Frank Lampard128,Manchester City,James Milner129,Manchester City,James Milner130,Manchester City,James Milner131,Manchester City,James Milner132,Manchester City,James Milner133,Manchester City,Stevan Jovetic134,Manchester City,Stevan Jovetic135,Manchester City,Stevan Jovetic136,Manchester City,Stevan Jovetic137,Manchester City,Stevan Jovetic138,Manchester City,Edin Dzeko139,Manchester City,Edin Dzeko140,Manchester City,Edin Dzeko141,Manchester City,Edin Dzeko142,Manchester City,Fernandinho143,Manchester City,Fernandinho144,Manchester City,Fernandinho145,Manchester City,Samir Nasri146,Manchester City,Samir Nasri147,Manchester City,Wilifried Bony148,Manchester City,Wilifried Bony149,Manchester City,Fernando150,Manchester City,Fernando151,Manchester City,Aleksandar Kolarov152,Manchester City,Aleksandar Kolarov153,Manchester City,Pablo Zabaleta154,Manchester City,Gael Clichy155,Manchester City,Martin Demichelis156,Manchester City,Other157,Arsenal,Alexis Sanchez158,Arsenal,Alexis Sanchez159,Arsenal,Alexis Sanchez160,Arsenal,Alexis Sanchez161,Arsenal,Alexis Sanchez162,Arsenal,Alexis Sanchez163,Arsenal,Alexis Sanchez164,Arsenal,Alexis Sanchez165,Arsenal,Alexis Sanchez166,Arsenal,Alexis Sanchez167,Arsenal,Alexis Sanchez168,Arsenal,Alexis Sanchez169,Arsenal,Alexis Sanchez170,Arsenal,Alexis Sanchez171,Arsenal,Alexis Sanchez172,Arsenal,Alexis Sanchez173,Arsenal,Olivier Giroud174,Arsenal,Olivier Giroud175,Arsenal,Olivier Giroud176,Arsenal,Olivier Giroud177,Arsenal,Olivier Giroud178,Arsenal,Olivier Giroud179,Arsenal,Olivier Giroud180,Arsenal,Olivier Giroud181,Arsenal,Olivier Giroud182,Arsenal,Olivier Giroud183,Arsenal,Olivier Giroud184,Arsenal,Olivier Giroud185,Arsenal,Olivier Giroud186,Arsenal,Olivier Giroud187,Arsenal,Santi Cazorla188,Arsenal,Santi Cazorla189,Arsenal,Santi Cazorla190,Arsenal,Santi Cazorla191,Arsenal,Santi Cazorla192,Arsenal,Santi Cazorla193,Arsenal,Santi Cazorla194,Arsenal,Aaron Ramsey195,Arsenal,Aaron Ramsey196,Arsenal,Aaron Ramsey197,Arsenal,Aaron Ramsey198,Arsenal,Aaron Ramsey199,Arsenal,Aaron Ramsey200,Arsenal,Theo Walcott201,Arsenal,Theo Walcott202,Arsenal,Theo Walcott203,Arsenal,Theo Walcott204,Arsenal,Theo Walcott205,Arsenal,Danny Welbeck206,Arsenal,Danny Welbeck207,Arsenal,Danny Welbeck208,Arsenal,Danny Welbeck209,Arsenal,Mesut Ozil210,Arsenal,Mesut Ozil211,Arsenal,Mesut Ozil212,Arsenal,Mesut Ozil213,Arsenal,Laurent Koscielny214,Arsenal,Laurent Koscielny215,Arsenal,Laurent Koscielny216,Arsenal,Hector Bellerin217,Arsenal,Hector Bellerin218,Arsenal,Jack Wilshere219,Arsenal,Jack Wilshere220,Arsenal,Tomas Rosicky221,Arsenal,Tomas Rosicky222,Arsenal,Alex Oxlade-Chamberlain223,Arsenal,Calum Chambers224,Arsenal,Mathieu Debuchy225,Arsenal,Mathieu Flamini226,Arsenal,Other227,Arsenal,Other228,Manchester United,Wayne Rooney229,Manchester United,Wayne Rooney230,Manchester United,Wayne Rooney231,Manchester United,Wayne Rooney232,Manchester United,Wayne Rooney233,Manchester United,Wayne Rooney234,Manchester United,Wayne Rooney235,Manchester United,Wayne Rooney236,Manchester United,Wayne Rooney237,Manchester United,Wayne Rooney238,Manchester United,Wayne Rooney239,Manchester United,Wayne Rooney240,Manchester United,Robin Van Persie241,Manchester United,Robin Van Persie242,Manchester United,Robin Van Persie243,Manchester United,Robin Van Persie244,Manchester United,Robin Van Persie245,Manchester United,Robin Van Persie246,Manchester United,Robin Van Persie247,Manchester United,Robin Van Persie248,Manchester United,Robin Van Persie249,Manchester United,Robin Van Persie250,Manchester United,Juan Mata251,Manchester United,Juan Mata252,Manchester United,Juan Mata253,Manchester United,Juan Mata254,Manchester United,Juan Mata255,Manchester United,Juan Mata256,Manchester United,Juan Mata257,Manchester United,Juan Mata258,Manchester United,Juan Mata259,Manchester United,Ander Herrera260,Manchester United,Ander Herrera261,Manchester United,Ander Herrera262,Manchester United,Ander Herrera263,Manchester United,Ander Herrera264,Manchester United,Ander Herrera265,Manchester United,Marouane Fellaini266,Manchester United,Marouane Fellaini267,Manchester United,Marouane Fellaini268,Manchester United,Marouane Fellaini269,Manchester United,Marouane Fellaini270,Manchester United,Marouane Fellaini271,Manchester United,Chris Smalling272,Manchester United,Chris Smalling273,Manchester United,Chris Smalling274,Manchester United,Chris Smalling275,Manchester United,Falcao276,Manchester United,Falcao277,Manchester United,Falcao278,Manchester United,Falcao279,Manchester United,Angel Di Maria280,Manchester United,Angel Di Maria281,Manchester United,Angel Di Maria282,Manchester United,Ashley Young283,Manchester United,Ashley Young284,Manchester United,Daley Blind285,Manchester United,Daley Blind286,Manchester United,James Wilson287,Manchester United,Michael Carrick288,Manchester United,Other289,Manchester United,Other290,Tottenham Hotspurs,Harry Kane291,Tottenham Hotspurs,Harry Kane292,Tottenham Hotspurs,Harry Kane293,Tottenham Hotspurs,Harry Kane294,Tottenham Hotspurs,Harry Kane295,Tottenham Hotspurs,Harry Kane296,Tottenham Hotspurs,Harry Kane297,Tottenham Hotspurs,Harry Kane298,Tottenham Hotspurs,Harry Kane299,Tottenham Hotspurs,Harry Kane300,Tottenham Hotspurs,Harry Kane301,Tottenham Hotspurs,Harry Kane302,Tottenham Hotspurs,Harry Kane303,Tottenham Hotspurs,Harry Kane304,Tottenham Hotspurs,Harry Kane305,Tottenham Hotspurs,Harry Kane306,Tottenham Hotspurs,Harry Kane307,Tottenham Hotspurs,Harry Kane308,Tottenham Hotspurs,Harry Kane309,Tottenham Hotspurs,Harry Kane310,Tottenham Hotspurs,Harry Kane311,Tottenham Hotspurs,Nacer Chadli312,Tottenham Hotspurs,Nacer Chadli313,Tottenham Hotspurs,Nacer Chadli314,Tottenham Hotspurs,Nacer Chadli315,Tottenham Hotspurs,Nacer Chadli316,Tottenham Hotspurs,Nacer Chadli317,Tottenham Hotspurs,Nacer Chadli318,Tottenham Hotspurs,Nacer Chadli319,Tottenham Hotspurs,Nacer Chadli320,Tottenham Hotspurs,Nacer Chadli321,Tottenham Hotspurs,Nacer Chadli322,Tottenham Hotspurs,Christian Eriksen323,Tottenham Hotspurs,Christian Eriksen324,Tottenham Hotspurs,Christian Eriksen325,Tottenham Hotspurs,Christian Eriksen326,Tottenham Hotspurs,Christian Eriksen327,Tottenham Hotspurs,Christian Eriksen328,Tottenham Hotspurs,Christian Eriksen329,Tottenham Hotspurs,Christian Eriksen330,Tottenham Hotspurs,Christian Eriksen331,Tottenham Hotspurs,Christian Eriksen332,Tottenham Hotspurs,Danny Rose333,Tottenham Hotspurs,Danny Rose334,Tottenham Hotspurs,Danny Rose335,Tottenham Hotspurs,Andros Townsend336,Tottenham Hotspurs,Andros Townsend337,Tottenham Hotspurs,Emmanuel Adebayor338,Tottenham Hotspurs,Emmanuel Adebayor339,Tottenham Hotspurs,Eric Dier340,Tottenham Hotspurs,Eric Dier341,Tottenham Hotspurs,Erik Lamela342,Tottenham Hotspurs,Erik Lamela343,Tottenham Hotspurs,Mousa Dembele344,Tottenham Hotspurs,Roberto Soldado345,Tottenham Hotspurs,Ryan Mason346,Tottenham Hotspurs,Other347,Tottenham Hotspurs,Other348,Liverpool,Steven Gerrard349,Liverpool,Steven Gerrard350,Liverpool,Steven Gerrard351,Liverpool,Steven Gerrard352,Liverpool,Steven Gerrard353,Liverpool,Steven Gerrard354,Liverpool,Steven Gerrard355,Liverpool,Steven Gerrard356,Liverpool,Steven Gerrard357,Liverpool,Raheem Sterling358,Liverpool,Raheem Sterling359,Liverpool,Raheem Sterling360,Liverpool,Raheem Sterling361,Liverpool,Raheem Sterling362,Liverpool,Raheem Sterling363,Liverpool,Raheem Sterling364,Liverpool,Raheem Sterling365,Liverpool,Jordan Henderson366,Liverpool,Jordan Henderson367,Liverpool,Jordan Henderson368,Liverpool,Jordan Henderson369,Liverpool,Jordan Henderson370,Liverpool,Jordan Henderson371,Liverpool,Adam Lallana372,Liverpool,Adam Lallana373,Liverpool,Adam Lallana374,Liverpool,Adam Lallana375,Liverpool,Adam Lallana376,Liverpool,Philippe Coutinho377,Liverpool,Philippe Coutinho378,Liverpool,Philippe Coutinho379,Liverpool,Philippe Coutinho380,Liverpool,Philippe Coutinho381,Liverpool,Daniel Sturridge382,Liverpool,Daniel Sturridge383,Liverpool,Daniel Sturridge384,Liverpool,Daniel Sturridge385,Liverpool,Alberto Moreno386,Liverpool,Alberto Moreno387,Liverpool,Lazar Markovic388,Liverpool,Lazar Markovic389,Liverpool,Rickie Lambert390,Liverpool,Rickie Lambert391,Liverpool,Emre Can392,Liverpool,Fabio Borini393,Liverpool,Glen Johnson394,Liverpool,Joe Allen395,Liverpool,Mario Balotelli396,Liverpool,Martin Skrtel397,Liverpool,Other398,Liverpool,Other399,Liverpool,Other400,Southampton,Graziano Pelle401,Southampton,Graziano Pelle402,Southampton,Graziano Pelle403,Southampton,Graziano Pelle404,Southampton,Graziano Pelle405,Southampton,Graziano Pelle406,Southampton,Graziano Pelle407,Southampton,Graziano Pelle408,Southampton,Graziano Pelle409,Southampton,Graziano Pelle410,Southampton,Graziano Pelle411,Southampton,Graziano Pelle412,Southampton,Sadio Mane413,Southampton,Sadio Mane414,Southampton,Sadio Mane415,Southampton,Sadio Mane416,Southampton,Sadio Mane417,Southampton,Sadio Mane418,Southampton,Sadio Mane419,Southampton,Sadio Mane420,Southampton,Sadio Mane421,Southampton,Sadio Mane422,Southampton,Shane Long423,Southampton,Shane Long424,Southampton,Shane Long425,Southampton,Shane Long426,Southampton,Shane Long427,Southampton,Dusan Tadic428,Southampton,Dusan Tadic429,Southampton,Dusan Tadic430,Southampton,Dusan Tadic431,Southampton,Morgan Schneiderlin432,Southampton,Morgan Schneiderlin433,Southampton,Morgan Schneiderlin434,Southampton,Morgan Schneiderlin435,Southampton,Victor Wanyama436,Southampton,Victor Wanyama437,Southampton,Victor Wanyama438,Southampton,Eljero Elia439,Southampton,Eljero Elia440,Southampton,Jack Cork441,Southampton,Jack Cork442,Southampton,Nathaniel Clyne443,Southampton,Nathaniel Clyne444,Southampton,Ryan Bertrand445,Southampton,Ryan Bertrand446,Southampton,James Ward-Prowse447,Southampton,Maya Yoshida448,Southampton,Toby Alderweireld449,Southampton,Other450,Southampton,Other451,Southampton,Other452,Southampton,Other453,Southampton,Other454,Swansea City,Wilifried Bony455,Swansea City,Wilifried Bony456,Swansea City,Wilifried Bony457,Swansea City,Wilifried Bony458,Swansea City,Wilifried Bony459,Swansea City,Wilifried Bony460,Swansea City,Wilifried Bony461,Swansea City,Wilifried Bony462,Swansea City,Wilifried Bony463,Swansea City,Ki Sung-yueng464,Swansea City,Ki Sung-yueng465,Swansea City,Ki Sung-yueng466,Swansea City,Ki Sung-yueng467,Swansea City,Ki Sung-yueng468,Swansea City,Ki Sung-yueng469,Swansea City,Ki Sung-yueng470,Swansea City,Ki Sung-yueng471,Swansea City,Bafetimbi Gomis472,Swansea City,Bafetimbi Gomis473,Swansea City,Bafetimbi Gomis474,Swansea City,Bafetimbi Gomis475,Swansea City,Bafetimbi Gomis476,Swansea City,Bafetimbi Gomis477,Swansea City,Bafetimbi Gomis478,Swansea City,Gylfi Sigurdsson479,Swansea City,Gylfi Sigurdsson480,Swansea City,Gylfi Sigurdsson481,Swansea City,Gylfi Sigurdsson482,Swansea City,Gylfi Sigurdsson483,Swansea City,Gylfi Sigurdsson484,Swansea City,Gylfi Sigurdsson485,Swansea City,Jonjo Shelvey486,Swansea City,Jonjo Shelvey487,Swansea City,Jonjo Shelvey488,Swansea City,Nathan Dyer489,Swansea City,Nathan Dyer490,Swansea City,Nathan Dyer491,Swansea City,Wayne Routledge492,Swansea City,Wayne Routledge493,Swansea City,Wayne Routledge494,Swansea City,Jack Cork495,Swansea City,Jefferson Montero496,Swansea City,Nelson Oliveira497,Swansea City,Other498,Swansea City,Other499,Swansea City,Other500,Stoke City,Mame Biram Diouf501,Stoke City,Mame Biram Diouf502,Stoke City,Mame Biram Diouf503,Stoke City,Mame Biram Diouf504,Stoke City,Mame Biram Diouf505,Stoke City,Mame Biram Diouf506,Stoke City,Mame Biram Diouf507,Stoke City,Mame Biram Diouf508,Stoke City,Mame Biram Diouf509,Stoke City,Mame Biram Diouf510,Stoke City,Mame Biram Diouf511,Stoke City,Jonathan Walters512,Stoke City,Jonathan Walters513,Stoke City,Jonathan Walters514,Stoke City,Jonathan Walters515,Stoke City,Jonathan Walters516,Stoke City,Jonathan Walters517,Stoke City,Jonathan Walters518,Stoke City,Jonathan Walters519,Stoke City,Peter Crouch520,Stoke City,Peter Crouch521,Stoke City,Peter Crouch522,Stoke City,Peter Crouch523,Stoke City,Peter Crouch524,Stoke City,Peter Crouch525,Stoke City,Peter Crouch526,Stoke City,Peter Crouch527,Stoke City,Charlie Adam528,Stoke City,Charlie Adam529,Stoke City,Charlie Adam530,Stoke City,Charlie Adam531,Stoke City,Charlie Adam532,Stoke City,Charlie Adam533,Stoke City,Charlie Adam534,Stoke City,Bojan535,Stoke City,Bojan536,Stoke City,Bojan537,Stoke City,Bojan538,Stoke City,Steven Nzonzi539,Stoke City,Steven Nzonzi540,Stoke City,Steven Nzonzi541,Stoke City,Victor Moses542,Stoke City,Victor Moses543,Stoke City,Victor Moses544,Stoke City,Ryan Shawcross545,Stoke City,Ryan Shawcross546,Stoke City,Marko Arnautovic547,Stoke City,Other548,Crystal Palace,Glenn Murray549,Crystal Palace,Glenn Murray550,Crystal Palace,Glenn Murray551,Crystal Palace,Glenn Murray552,Crystal Palace,Glenn Murray553,Crystal Palace,Glenn Murray554,Crystal Palace,Glenn Murray555,Crystal Palace,Jason Puncheon556,Crystal Palace,Jason Puncheon557,Crystal Palace,Jason Puncheon558,Crystal Palace,Jason Puncheon559,Crystal Palace,Jason Puncheon560,Crystal Palace,Jason Puncheon561,Crystal Palace,Dwight Gayle562,Crystal Palace,Dwight Gayle563,Crystal Palace,Dwight Gayle564,Crystal Palace,Dwight Gayle565,Crystal Palace,Dwight Gayle566,Crystal Palace,Mike Jedinak567,Crystal Palace,Mike Jedinak568,Crystal Palace,Mike Jedinak569,Crystal Palace,Mike Jedinak570,Crystal Palace,Mike Jedinak571,Crystal Palace,Fraizer Campbell572,Crystal Palace,Fraizer Campbell573,Crystal Palace,Fraizer Campbell574,Crystal Palace,Fraizer Campbell575,Crystal Palace,Wilifried Zaha576,Crystal Palace,Wilifried Zaha577,Crystal Palace,Wilifried Zaha578,Crystal Palace,Wilifried Zaha579,Crystal Palace,Yannick Bolasie580,Crystal Palace,Yannick Bolasie581,Crystal Palace,Yannick Bolasie582,Crystal Palace,Yannick Bolasie583,Crystal Palace,Brede Hangeland584,Crystal Palace,Brede Hangeland585,Crystal Palace,James McArthur586,Crystal Palace,James McArthur587,Crystal Palace,Joe Ledley588,Crystal Palace,Joe Ledley589,Crystal Palace,Marouane Chamakh590,Crystal Palace,Marouane Chamakh591,Crystal Palace,Scott Dann592,Crystal Palace,Scott Dann593,Crystal Palace,Joel Ward594,Crystal Palace,Other595,West Ham United,Diafra Sakho596,West Ham United,Diafra Sakho597,West Ham United,Diafra Sakho598,West Ham United,Diafra Sakho599,West Ham United,Diafra Sakho600,West Ham United,Diafra Sakho601,West Ham United,Diafra Sakho602,West Ham United,Diafra Sakho603,West Ham United,Diafra Sakho604,West Ham United,Diafra Sakho605,West Ham United,Stewart Downing606,West Ham United,Stewart Downing607,West Ham United,Stewart Downing608,West Ham United,Stewart Downing609,West Ham United,Stewart Downing610,West Ham United,Stewart Downing611,West Ham United,Andy Carroll612,West Ham United,Andy Carroll613,West Ham United,Andy Carroll614,West Ham United,Andy Carroll615,West Ham United,Andy Carroll616,West Ham United,Cheikhou Kouyate617,West Ham United,Cheikhou Kouyate618,West Ham United,Cheikhou Kouyate619,West Ham United,Cheikhou Kouyate620,West Ham United,Enner Valencia621,West Ham United,Enner Valencia622,West Ham United,Enner Valencia623,West Ham United,Enner Valencia624,West Ham United,Morgan Amalfitano625,West Ham United,Morgan Amalfitano626,West Ham United,Morgan Amalfitano627,West Ham United,Aaron Cresswell628,West Ham United,Aaron Cresswell629,West Ham United,Carlton Cole630,West Ham United,Carlton Cole631,West Ham United,Mark Noble632,West Ham United,Mark Noble633,West Ham United,Mauro Zarate634,West Ham United,Mauro Zarate635,West Ham United,James Tomkins636,West Ham United,Kevin Nolan637,West Ham United,Winston Reid638,West Ham United,Other639,Everton,Romelu Lukaku640,Everton,Romelu Lukaku641,Everton,Romelu Lukaku642,Everton,Romelu Lukaku643,Everton,Romelu Lukaku644,Everton,Romelu Lukaku645,Everton,Romelu Lukaku646,Everton,Romelu Lukaku647,Everton,Romelu Lukaku648,Everton,Romelu Lukaku649,Everton,Kevin Mirallas650,Everton,Kevin Mirallas651,Everton,Kevin Mirallas652,Everton,Kevin Mirallas653,Everton,Kevin Mirallas654,Everton,Kevin Mirallas655,Everton,Kevin Mirallas656,Everton,Steven Naismith657,Everton,Steven Naismith658,Everton,Steven Naismith659,Everton,Steven Naismith660,Everton,Steven Naismith661,Everton,Steven Naismith662,Everton,Phil Jagielka663,Everton,Phil Jagielka664,Everton,Phil Jagielka665,Everton,Phil Jagielka666,Everton,Samuel Eto-o667,Everton,Samuel Eto-o668,Everton,Samuel Eto-o669,Everton,Seamus Coleman670,Everton,Seamus Coleman671,Everton,Seamus Coleman672,Everton,Aaron Lennon673,Everton,Aaron Lennon674,Everton,James McCarthy675,Everton,James McCarthy676,Everton,Leighton Baines677,Everton,Leighton Baines678,Everton,Leon Osman679,Everton,Leon Osman680,Everton,Ross Barkley681,Everton,Ross Barkley682,Everton,Aiden McGeady683,Everton,Arouna Kone684,Everton,John Stones685,Everton,Other686,Everton,Other687,West Bromwich Albion,Saido Berahino688,West Bromwich Albion,Saido Berahino689,West Bromwich Albion,Saido Berahino690,West Bromwich Albion,Saido Berahino691,West Bromwich Albion,Saido Berahino692,West Bromwich Albion,Saido Berahino693,West Bromwich Albion,Saido Berahino694,West Bromwich Albion,Saido Berahino695,West Bromwich Albion,Saido Berahino696,West Bromwich Albion,Saido Berahino697,West Bromwich Albion,Saido Berahino698,West Bromwich Albion,Saido Berahino699,West Bromwich Albion,Saido Berahino700,West Bromwich Albion,Saido Berahino701,West Bromwich Albion,Brown Ideye702,West Bromwich Albion,Brown Ideye703,West Bromwich Albion,Brown Ideye704,West Bromwich Albion,Brown Ideye705,West Bromwich Albion,Craig Gardner706,West Bromwich Albion,Craig Gardner707,West Bromwich Albion,Craig Gardner708,West Bromwich Albion,Victor Anichebe709,West Bromwich Albion,Victor Anichebe710,West Bromwich Albion,Victor Anichebe711,West Bromwich Albion,Chris Brunt712,West Bromwich Albion,Chris Brunt713,West Bromwich Albion,Craig Dawson714,West Bromwich Albion,Craig Dawson715,West Bromwich Albion,James Morrison716,West Bromwich Albion,James Morrison717,West Bromwich Albion,Darren Fletcher718,West Bromwich Albion,Gareth McAuley719,West Bromwich Albion,Graham Dorrans720,West Bromwich Albion,Joleon Lescott721,West Bromwich Albion,Jonas Olsson722,West Bromwich Albion,Silvestre Varela723,West Bromwich Albion,Stephane Sessegnon724,West Bromwich Albion,Other725,Leicester City,Leonardo Ulloa726,Leicester City,Leonardo Ulloa727,Leicester City,Leonardo Ulloa728,Leicester City,Leonardo Ulloa729,Leicester City,Leonardo Ulloa730,Leicester City,Leonardo Ulloa731,Leicester City,Leonardo Ulloa732,Leicester City,Leonardo Ulloa733,Leicester City,Leonardo Ulloa734,Leicester City,Leonardo Ulloa735,Leicester City,Leonardo Ulloa736,Leicester City,David Nugent737,Leicester City,David Nugent738,Leicester City,David Nugent739,Leicester City,David Nugent740,Leicester City,David Nugent741,Leicester City,Esteban Cambiasso742,Leicester City,Esteban Cambiasso743,Leicester City,Esteban Cambiasso744,Leicester City,Esteban Cambiasso745,Leicester City,Esteban Cambiasso746,Leicester City,Jamie Vardy747,Leicester City,Jamie Vardy748,Leicester City,Jamie Vardy749,Leicester City,Jamie Vardy750,Leicester City,Jamie Vardy751,Leicester City,Riyad Mahrez752,Leicester City,Riyad Mahrez753,Leicester City,Riyad Mahrez754,Leicester City,Riyad Mahrez755,Leicester City,Jeffrey Schlupp756,Leicester City,Jeffrey Schlupp757,Leicester City,Jeffrey Schlupp758,Leicester City,Andrej Kramaric759,Leicester City,Andrej Kramaric760,Leicester City,Andy King761,Leicester City,Andy King762,Leicester City,Marc Albrighton763,Leicester City,Marc Albrighton764,Leicester City,Wes Morgan765,Leicester City,Wes Morgan766,Leicester City,Chris Wood767,Leicester City,Marcin Wasilewski768,Leicester City,Paul Konchesky769,Leicester City,Robert Huth770,Leicester City,Other771,Newcastle United,Papiss Demba Cisse772,Newcastle United,Papiss Demba Cisse773,Newcastle United,Papiss Demba Cisse774,Newcastle United,Papiss Demba Cisse775,Newcastle United,Papiss Demba Cisse776,Newcastle United,Papiss Demba Cisse777,Newcastle United,Papiss Demba Cisse778,Newcastle United,Papiss Demba Cisse779,Newcastle United,Papiss Demba Cisse780,Newcastle United,Papiss Demba Cisse781,Newcastle United,Papiss Demba Cisse782,Newcastle United,Ayoze Perez783,Newcastle United,Ayoze Perez784,Newcastle United,Ayoze Perez785,Newcastle United,Ayoze Perez786,Newcastle United,Ayoze Perez787,Newcastle United,Ayoze Perez788,Newcastle United,Ayoze Perez789,Newcastle United,Jack Colback790,Newcastle United,Jack Colback791,Newcastle United,Jack Colback792,Newcastle United,Jack Colback793,Newcastle United,Moussa Sissoko794,Newcastle United,Moussa Sissoko795,Newcastle United,Moussa Sissoko796,Newcastle United,Moussa Sissoko797,Newcastle United,Sammy Ameobi798,Newcastle United,Sammy Ameobi799,Newcastle United,Yoan Gouffran800,Newcastle United,Yoan Gouffran801,Newcastle United,Daryl Janmaat802,Newcastle United,Emmanuel Riviere803,Newcastle United,Fabricio Coloccini804,Newcastle United,Gabriel Obertan805,Newcastle United,Jonas Gutierrez806,Newcastle United,Michael Williamson807,Newcastle United,Remy Cabella808,Newcastle United,Rolando Aarons809,Newcastle United,Siem de Jong810,Newcastle United,Steven Taylor811,Aston Villa,Christian Benteke812,Aston Villa,Christian Benteke813,Aston Villa,Christian Benteke814,Aston Villa,Christian Benteke815,Aston Villa,Christian Benteke816,Aston Villa,Christian Benteke817,Aston Villa,Christian Benteke818,Aston Villa,Christian Benteke819,Aston Villa,Christian Benteke820,Aston Villa,Christian Benteke821,Aston Villa,Christian Benteke822,Aston Villa,Christian Benteke823,Aston Villa,Christian Benteke824,Aston Villa,Gabriel Agbonlahor825,Aston Villa,Gabriel Agbonlahor826,Aston Villa,Gabriel Agbonlahor827,Aston Villa,Gabriel Agbonlahor828,Aston Villa,Gabriel Agbonlahor829,Aston Villa,Gabriel Agbonlahor830,Aston Villa,Andreas Weimann831,Aston Villa,Andreas Weimann832,Aston Villa,Andreas Weimann833,Aston Villa,Tom Cleverley834,Aston Villa,Tom Cleverley835,Aston Villa,Tom Cleverley836,Aston Villa,Alan Hutton837,Aston Villa,Carlos Sanchez838,Aston Villa,Ciaran Clark839,Aston Villa,Joe Cole840,Aston Villa,Jores Okore841,Aston Villa,Scott Sinclair842,Sunderland,Connor Wickham843,Sunderland,Connor Wickham844,Sunderland,Connor Wickham845,Sunderland,Connor Wickham846,Sunderland,Connor Wickham847,Sunderland,Steven Fletcher848,Sunderland,Steven Fletcher849,Sunderland,Steven Fletcher850,Sunderland,Steven Fletcher851,Sunderland,Steven Fletcher852,Sunderland,Adam Johnson853,Sunderland,Adam Johnson854,Sunderland,Adam Johnson855,Sunderland,Adam Johnson856,Sunderland,Jermaine Defoe857,Sunderland,Jermaine Defoe858,Sunderland,Jermaine Defoe859,Sunderland,Jermaine Defoe860,Sunderland,Jordi Gomez861,Sunderland,Jordi Gomez862,Sunderland,Jordi Gomez863,Sunderland,Jordi Gomez864,Sunderland,Jack Rodwell865,Sunderland,Jack Rodwell866,Sunderland,Jack Rodwell867,Sunderland,Sebastian Larsson868,Sunderland,Sebastian Larsson869,Sunderland,Sebastian Larsson870,Sunderland,Danny Graham871,Sunderland,Lee Cattermole872,Sunderland,Other873,Hull City,Nikica Jelavic874,Hull City,Nikica Jelavic875,Hull City,Nikica Jelavic876,Hull City,Nikica Jelavic877,Hull City,Nikica Jelavic878,Hull City,Nikica Jelavic879,Hull City,Nikica Jelavic880,Hull City,Nikica Jelavic881,Hull City,Dame NDoye882,Hull City,Dame NDoye883,Hull City,Dame NDoye884,Hull City,Dame NDoye885,Hull City,Dame NDoye886,Hull City,Abel Hernandez887,Hull City,Abel Hernandez888,Hull City,Abel Hernandez889,Hull City,Abel Hernandez890,Hull City,Mohamed Diame891,Hull City,Mohamed Diame892,Hull City,Mohamed Diame893,Hull City,Mohamed Diame894,Hull City,Ahmed Elmohamady895,Hull City,Ahmed Elmohamady896,Hull City,James Chester897,Hull City,James Chester898,Hull City,David Meyler899,Hull City,Gaston Ramirez900,Hull City,Jake Livermore901,Hull City,Michael Dawson902,Hull City,Paul McShane903,Hull City,Sone Aluko904,Hull City,Stephen Quinn905,Hull City,Other906,Burnley,Danny Ings907,Burnley,Danny Ings908,Burnley,Danny Ings909,Burnley,Danny Ings910,Burnley,Danny Ings911,Burnley,Danny Ings912,Burnley,Danny Ings913,Burnley,Danny Ings914,Burnley,Danny Ings915,Burnley,Danny Ings916,Burnley,Danny Ings917,Burnley,Ashley Barnes918,Burnley,Ashley Barnes919,Burnley,Ashley Barnes920,Burnley,Ashley Barnes921,Burnley,Ashley Barnes922,Burnley,George Boyd923,Burnley,George Boyd924,Burnley,George Boyd925,Burnley,George Boyd926,Burnley,George Boyd927,Burnley,Ben Mee928,Burnley,Ben Mee929,Burnley,Scott Arfield930,Burnley,Scott Arfield931,Burnley,Michael Kightly932,Burnley,Michael Kightly933,Burnley,Other934,Queens Park Rangers,Charlie Austin935,Queens Park Rangers,Charlie Austin936,Queens Park Rangers,Charlie Austin937,Queens Park Rangers,Charlie Austin938,Queens Park Rangers,Charlie Austin939,Queens Park Rangers,Charlie Austin940,Queens Park Rangers,Charlie Austin941,Queens Park Rangers,Charlie Austin942,Queens Park Rangers,Charlie Austin943,Queens Park Rangers,Charlie Austin944,Queens Park Rangers,Charlie Austin945,Queens Park Rangers,Charlie Austin946,Queens Park Rangers,Charlie Austin947,Queens Park Rangers,Charlie Austin948,Queens Park Rangers,Charlie Austin949,Queens Park Rangers,Charlie Austin950,Queens Park Rangers,Charlie Austin951,Queens Park Rangers,Charlie Austin952,Queens Park Rangers,Leroy Fer953,Queens Park Rangers,Leroy Fer954,Queens Park Rangers,Leroy Fer955,Queens Park Rangers,Leroy Fer956,Queens Park Rangers,Leroy Fer957,Queens Park Rangers,Leroy Fer958,Queens Park Rangers,Bobby Zamora959,Queens Park Rangers,Bobby Zamora960,Queens Park Rangers,Bobby Zamora961,Queens Park Rangers,Eduardo Vargas962,Queens Park Rangers,Eduardo Vargas963,Queens Park Rangers,Eduardo Vargas964,Queens Park Rangers,Matthew Phillips965,Queens Park Rangers,Matthew Phillips966,Queens Park Rangers,Matthew Phillips967,Queens Park Rangers,Niko Kranjcar968,Queens Park Rangers,Niko Kranjcar969,Queens Park Rangers,Clint Hill970,Queens Park Rangers,Joey Barton971,Queens Park Rangers,Sandro972,Queens Park Rangers,Steven Caulker973,Queens Park Rangers,Other974,Queens Park Rangers,Other975,Queens Park Rangers,Other